{
  "nextId": 11,
  "accounts": [
    {
      "id": 1,
      "name": "Bernardo Alves",
      "balance": 2351.2
    },
    {
      "id": 2,
      "name": "José Silva",
      "balance": 1230
    },
    {
      "id": 5,
      "name": "José Silva",
      "balance": 50000
    },
    {
      "id": 6,
      "name": "José Silva",
      "balance": 0
    },
    {
      "id": 7,
      "name": "João Silva",
      "balance": 1300
    },
    {
      "id": 9,
      "name": "João Silva",
      "balance": 1300
    },
    {
      "id": 10,
      "name": "Nome da Documentacao",
      "balance": 4020.98
    }
  ]
}